Model,Domain,Accuracy,F1,Precision,Recall,Samples
DistilBERT,ISOT,0.432,0.4123597402597403,0.4690130212814777,0.432,500
DistilBERT,LIAR,0.036,0.0694980694980695,1.0,0.036,500
DistilBERT,WELFake,0.49,0.49333838402058755,0.5166691428202312,0.49,500
DistilBERT+XGBoost,ISOT,0.418,0.24643723554301833,0.174724,0.418,500
DistilBERT+XGBoost,LIAR,0.0,0.0,0.0,0.0,500
DistilBERT+XGBoost,WELFake,0.406,0.23447510668563298,0.164836,0.406,500
