Model,Domain,Accuracy,F1,Precision,Recall,Samples
DistilBERT,ISOT,0.51,0.5132529430043868,0.5214529969262295,0.51,500
DistilBERT,LIAR,0.392,0.5632183908045977,1.0,0.392,500
DistilBERT,WELFake,0.492,0.48377327935222675,0.5432161254199327,0.492,500
RoBERTa,ISOT,0.582,0.42822250316055627,0.33872399999999997,0.582,500
RoBERTa,LIAR,1.0,1.0,1.0,1.0,500
RoBERTa,WELFake,0.594,0.4427051442910916,0.352836,0.594,500
