Model,Acc_Mean,Acc_Std,Acc_Gap,F1_Mean,F1_Std
DistilBERT,0.3193333333333333,0.24708163293400287,0.454,0.3250653979261324,0.22500084379003915
DistilBERT+XGBoost,0.27466666666666667,0.23794397099597486,0.418,0.1603041140762171,0.13895621567249444
