Model,Acc_Mean,Acc_Std,Acc_Gap,F1_Mean,F1_Std
DistilBERT,0.46466666666666673,0.06357148207595394,0.118,0.5200815377204038,0.04016035000801935
RoBERTa,0.7253333333333333,0.2379439709959749,0.41800000000000004,0.6236425491505493,0.3260155438486814
