{
    "LogisticRegression": {
        "accuracy": 0.6298342541436464,
        "macro_f1": 0.6248528226175573
    },
    "LinearSVC": {
        "accuracy": 0.6314127861089187,
        "macro_f1": 0.6265893283468587
    }
}