{
    "LogisticRegression": {
        "train_accuracy": 0.83837890625,
        "train_f1_weighted": 0.8387793732371055,
        "test_accuracy": 0.6369376479873717,
        "test_f1_weighted": 0.6376900803635268,
        "generalization_gap_accuracy": 0.20144125826262826,
        "classification_report_test": {
            "0": {
                "precision": 0.5805892547660312,
                "recall": 0.6057866184448463,
                "f1-score": 0.5929203539823009,
                "support": 553.0
            },
            "1": {
                "precision": 0.6840579710144927,
                "recall": 0.6610644257703081,
                "f1-score": 0.6723646723646723,
                "support": 714.0
            },
            "accuracy": 0.6369376479873717,
            "macro avg": {
                "precision": 0.632323612890262,
                "recall": 0.6334255221075772,
                "f1-score": 0.6326425131734866,
                "support": 1267.0
            },
            "weighted avg": {
                "precision": 0.6388975920994184,
                "recall": 0.6369376479873717,
                "f1-score": 0.6376900803635268,
                "support": 1267.0
            }
        },
        "confusion_matrix_test": [
            [
                335,
                218
            ],
            [
                242,
                472
            ]
        ]
    },
    "LinearSVC": {
        "train_accuracy": 0.82578125,
        "train_f1_weighted": 0.8262682477692469,
        "test_accuracy": 0.6385161799526441,
        "test_f1_weighted": 0.6393156487884101,
        "generalization_gap_accuracy": 0.18726507004735593,
        "classification_report_test": {
            "0": {
                "precision": 0.5820379965457686,
                "recall": 0.6094032549728752,
                "f1-score": 0.5954063604240283,
                "support": 553.0
            },
            "1": {
                "precision": 0.686046511627907,
                "recall": 0.6610644257703081,
                "f1-score": 0.6733238231098431,
                "support": 714.0
            },
            "accuracy": 0.6385161799526441,
            "macro avg": {
                "precision": 0.6340422540868378,
                "recall": 0.6352338403715916,
                "f1-score": 0.6343650917669357,
                "support": 1267.0
            },
            "weighted avg": {
                "precision": 0.6406505299069737,
                "recall": 0.6385161799526441,
                "f1-score": 0.6393156487884101,
                "support": 1267.0
            }
        },
        "confusion_matrix_test": [
            [
                337,
                216
            ],
            [
                242,
                472
            ]
        ]
    },
    "GridSearch": {
        "LogisticRegression_best_params": {
            "clf__C": 1.0,
            "tfidf__max_df": 0.9,
            "tfidf__min_df": 2,
            "tfidf__ngram_range": [
                1,
                2
            ]
        },
        "LinearSVC_best_params": {
            "clf__C": 0.1,
            "tfidf__max_df": 0.9,
            "tfidf__min_df": 2,
            "tfidf__ngram_range": [
                1,
                2
            ]
        }
    }
}